Name,Email,Phone
,,
Hellen Glen,hellenglen@handsinhands.org,676543452
,,
Vince Marry,vincemarry@handsinhands.org,674563452
,,
Liz Lum,lizlum@handsinhands.org,653557452
,,
Lum Syndy,lumsyndy@handsinhands.org,665433452
,,
Harry Paul,harrypaul@handsinhands.org,676543785
,,
Eddyson Hobs,eddysonhobs@handsinhands.org,668763452
,,
Tomas Macus,tomasmacus@handsinhands.org,654557452
,,
Syndy Lum ,syndylum@handsinhands.org,656433452
,,
Glen Vinson,glenvinson@handsinhands.org,676678552
,,
Pafe Eddy,pafeeddy@handsinhands.org,687933452
,,
Kingsley Andy,kingsleyandy@handsinhands.org,686547452
,,
George Kapstone,georgekapstone@handsinhands.org,678653452
,,
Handy Phillips,handyphillips@handsinhands.org,687543765
,,
Hobs Perfect,hobsperfect@handsinhands.org,652763452
,,
Macus Johnson,macusjohnson@handsinhands.org,678657452
,,
Glory Peace,glorypeace@handsinhands.org,684533452
,,
Thombson Callep,thombsoncallep@handsinhands.org,676763452
,,
Johnson Macus ,johnsonmacus @handsinhands.org,667657452
,,
Peace Glory,peaceglory@handsinhands.org,696533452
